﻿scoring_interval,end_time,points,background,instructions_text,instructions_2_text,conditional_instructions_1,conditional_instructions_2,background_raw,button.numClicks_raw,button.timesOff_raw,button.timesOn_raw,clock_reset_button.numClicks_raw,clock_reset_button.timesOff_raw,clock_reset_button.timesOn_raw,conditional_instructions_1_raw,conditional_instructions_2_raw,end_time_raw,instructions_2_text_raw,instructions_text_raw,logging_mouse.leftButton_raw,logging_mouse.midButton_raw,logging_mouse.rightButton_raw,logging_mouse.time_raw,logging_mouse.x_raw,logging_mouse.y_raw,mouse_logging_2.leftButton_raw,mouse_logging_2.midButton_raw,mouse_logging_2.rightButton_raw,mouse_logging_2.time_raw,mouse_logging_2.x_raw,mouse_logging_2.y_raw,mouse_score.clicked_name_raw,mouse_score.corr_raw,mouse_score.leftButton_raw,mouse_score.midButton_raw,mouse_score.rightButton_raw,mouse_score.time_raw,mouse_score.x_raw,mouse_score.y_raw,points_raw,scoring_interval_raw,thisN_raw,thisRepN_raw,thisTrialN_raw
1,10,1,red,None,None,None,None,red,1,1.1837249999516644,1.1837181999580935,0,,,,,10,,,1, 1,0, 0,0, 0,0.021998299984261394, 0.6222223999793641,np.float64(0.23666666666666666), np.float64(0.03111111111111111),np.float64(-0.017777777777777778), np.float64(0.11555555555555555),1, 1, 1,0, 0, 0,0, 0, 0,1.075707899988629, 1.2220084999571554, 2.2716883999528363,np.float64(0.13), np.float64(0.13), np.float64(0.4988888888888889),np.float64(0.11888888888888889), np.float64(0.11888888888888889), np.float64(-0.39555555555555555),'click_square',1,1,0,0,1.060146200004965,np.float64(0.13),np.float64(0.11888888888888889),1,1,0,0,0
1,10,1,red,None,None,None,None,red,1,0.8344487000140361,0.8344420999637805,0,,,,,10,,,1, 1, 1,0, 0, 0,0, 0, 0,2.275283999973908, 2.954909999971278, 3.2387691999902017,np.float64(0.4988888888888889), np.float64(0.09333333333333334), np.float64(0.09333333333333334),np.float64(-0.39555555555555555), np.float64(0.05555555555555555), np.float64(0.05555555555555555),1, 1,0, 0,0, 0,3.5587067999877036, 4.405683499993756,np.float64(0.09333333333333334), np.float64(0.53),np.float64(0.05555555555555555), np.float64(-0.37333333333333335),'click_square',1,1,0,0,1.2829369000392035,np.float64(0.09333333333333334),np.float64(0.05555555555555555),1,1,1,0,1
1,10,1,red,None,None,None,None,red,1,0.7847923000226729,0.7847843000199646,0,,,,,10,,,1, 1, 1, 1,0, 0, 0, 0,0, 0, 0, 0,4.409520999994129, 5.105706999951508, 5.255297399999108, 5.405578699952457,np.float64(0.53), np.float64(0.03222222222222222), np.float64(0.03222222222222222), np.float64(0.03222222222222222),np.float64(-0.37333333333333335), np.float64(0.03222222222222222), np.float64(0.03222222222222222), np.float64(0.03222222222222222),1, 1, 1,0, 0, 0,0, 0, 0,5.509049799991772, 5.655396599962842, 6.306027699960396,np.float64(0.03222222222222222), np.float64(0.03222222222222222), np.float64(0.5244444444444445),np.float64(0.03222222222222222), np.float64(0.03222222222222222), np.float64(-0.3611111111111111),'click_square',1,1,0,0,1.0988782999920659,np.float64(0.03222222222222222),np.float64(0.03222222222222222),1,1,2,0,2
1,10,1,red,None,None,None,None,red,1,0.8166908999555744,0.8166840999620035,0,,,,,10,,,1, 1, 1, 1, 1, 1, 1,0, 0, 0, 0, 0, 0, 0,0, 0, 0, 0, 0, 0, 0,6.311344599991571, 6.455494499998167, 6.555293999961577, 6.821689199947286, 6.971648399950936, 7.1225342999678105, 7.238645099976566,np.float64(0.5244444444444445), np.float64(0.5244444444444445), np.float64(0.5244444444444445), np.float64(0.11666666666666667), np.float64(0.11666666666666667), np.float64(0.11666666666666667), np.float64(0.11666666666666667),np.float64(-0.3611111111111111), np.float64(-0.3611111111111111), np.float64(-0.3611111111111111), np.float64(0.015555555555555555), np.float64(0.016666666666666666), np.float64(0.016666666666666666), np.float64(0.016666666666666666),1, 1, 1,0, 0, 0,0, 0, 0,7.392181299976073, 7.621792799967807, 8.221555399999488,np.float64(0.11666666666666667), np.float64(0.11555555555555555), np.float64(0.49),np.float64(0.016666666666666666), np.float64(0.017777777777777778), np.float64(-0.34444444444444444),'click_square',1,1,0,0,1.081804999965243,np.float64(0.11666666666666667),np.float64(0.016666666666666666),1,1,3,0,3
1,10,1,red,None,None,None,None,red,1,0.817749600042589,0.8177341000409797,0,,,,,10,,,1, 1, 1, 1, 1,0, 0, 0, 0, 0,0, 0, 0, 0, 0,8.226353999983985, 8.355518099968322, 8.724193599948194, 8.888820699998178, 9.038686499989126,np.float64(0.49), np.float64(0.49), np.float64(0.1322222222222222), np.float64(0.13111111111111112), np.float64(0.13111111111111112),np.float64(-0.34444444444444444), np.float64(-0.34444444444444444), np.float64(-0.017777777777777778), np.float64(-0.016666666666666666), np.float64(-0.016666666666666666),1, 1, 1, 1,0, 0, 0, 0,0, 0, 0, 0,9.392027799971402, 9.5553117999807, 9.705350399948657, 10.222376199963037,np.float64(0.13111111111111112), np.float64(0.13111111111111112), np.float64(0.13111111111111112), np.float64(0.48444444444444446),np.float64(-0.016666666666666666), np.float64(-0.016666666666666666), np.float64(-0.016666666666666666), np.float64(-0.34555555555555556),'click_square',1,1,0,0,1.1666592000401579,np.float64(0.13111111111111112),np.float64(-0.016666666666666666),1,1,4,0,4
1,10,1,red,None,None,None,None,red,0,,,0,,,,,10,,,,,,,,,,,,,,,,,,,,,,,1,1,5,0,5
1,10,1,red,None,None,None,None,red,0,,,0,,,,,10,,,,,,,,,,,,,,,,,,,,,,,1,1,6,0,6
1,10,1,red,None,None,None,None,red,0,,,0,,,,,10,,,,,,,,,,,,,,,,,,,,,,,1,1,7,0,7

extraInfo
participant,030305
session,001
Gender,Male
Age,18
I consent,True
date,2025-09-11_15h54.49.257
expName,squares
expVersion,
psychopyVersion,2025.1.1
expStart,2025-09-11 15h54.55.563460 -0400
