﻿compnt_file,thisN,thisTrialN,thisRepN,scoring_interval,end_time,points,background,instructions_text,instructions_2_text,conditional_instructions_1,conditional_instructions_2,logging_mouse.x,logging_mouse.y,logging_mouse.leftButton,logging_mouse.midButton,logging_mouse.rightButton,logging_mouse.time,mouse_score.x,mouse_score.y,mouse_score.leftButton,mouse_score.midButton,mouse_score.rightButton,mouse_score.time,mouse_score.corr,mouse_score.clicked_name,clock_reset_button.numClicks,clock_reset_button.timesOn,clock_reset_button.timesOff,mouse_logging_2.x,mouse_logging_2.y,mouse_logging_2.leftButton,mouse_logging_2.midButton,mouse_logging_2.rightButton,mouse_logging_2.time,button.numClicks,button.timesOn,button.timesOff,mouse.x,mouse.y,mouse.leftButton,mouse.midButton,mouse.rightButton,outer_trials.thisRepN,outer_trials.thisTrialN,outer_trials.thisN,outer_trials.thisIndex,inner_trials.thisRepN,inner_trials.thisTrialN,inner_trials.thisN,inner_trials.thisIndex,thisRow.t,notes,exp_Instructions.started,exp_Instructions.stopped,mouse_3.x,mouse_3.y,mouse_3.leftButton,mouse_3.midButton,mouse_3.rightButton,mouse_3.time,main_square_screen.started,click_square.started,big_text.started,main_square_screen.stopped,inner_trials.logging_mouse.x,inner_trials.logging_mouse.y,inner_trials.logging_mouse.leftButton,inner_trials.logging_mouse.midButton,inner_trials.logging_mouse.rightButton,inner_trials.logging_mouse.time,inner_trials.mouse_score.x,inner_trials.mouse_score.y,inner_trials.mouse_score.leftButton,inner_trials.mouse_score.midButton,inner_trials.mouse_score.rightButton,inner_trials.mouse_score.time,inner_trials.mouse_score.corr,inner_trials.mouse_score.clicked_name,inner_trials.clock_reset_button.numClicks,inner_trials.clock_reset_button.timesOn,inner_trials.clock_reset_button.timesOff,points_square_screen.started,mouse_logging_2.started,points_square_screen.stopped,inner_trials.mouse_logging_2.x,inner_trials.mouse_logging_2.y,inner_trials.mouse_logging_2.leftButton,inner_trials.mouse_logging_2.midButton,inner_trials.mouse_logging_2.rightButton,inner_trials.mouse_logging_2.time,inner_trials.button.numClicks,inner_trials.button.timesOn,inner_trials.button.timesOff,blackout_screen.started,blackout_screen.stopped,outer_trials.mouse.x,outer_trials.mouse.y,outer_trials.mouse.leftButton,outer_trials.mouse.midButton,outer_trials.mouse.rightButton,participant,session,Gender,Age,I consent,date,expName,expVersion,psychopyVersion,expStart,
,,,,,,,,,,,,,,,,,,,,,,,,,,,,,,,,,,,,,,,,,,,,,,,,,,,,,0.026199800020549446,2.160608100006357,[np.float64(0.09)],[np.float64(0.07111111111111111)],[1],[0],[0],[2.1602404000004753],,,,,,,,,,,,,,,,,,,,,,,,,,,,,,,,,,,,,,,,,847077,001,Male,18,True,2025-09-11_15h53.20.638,squares,,2025.1.1,2025-09-11 15h53.28.679740 -0400,
bin/.csv/component_1.csv,0,0,0,1,10,1,red,None,None,None,None,[np.float64(0.09)],[np.float64(0.07111111111111111)],[1],[0],[0],[0.01457900000968948],[np.float64(0.08666666666666667)],[np.float64(0.07111111111111111)],[1],[0],[0],[7.792104399995878],[1],['click_square'],0,,,"[np.float64(0.08666666666666667), np.float64(0.49444444444444446)]","[np.float64(0.07111111111111111), np.float64(-0.4011111111111111)]","[1, 1]","[0, 0]","[0, 0]","[7.8027495999704115, 12.8831596999662]",1,[5.067868200014345],[5.067874900007155],,,,,,0,0,0,0,0,0,0,0,0.04706870001973584,,,,,,,,,,0.01354640000499785,0.04706870001973584,0.04706870001973584,7.800396199978422,[np.float64(0.09)],[np.float64(0.07111111111111111)],[1],[0],[0],[0.01457900000968948],[np.float64(0.08666666666666667)],[np.float64(0.07111111111111111)],[1],[0],[0],[7.792104399995878],[1],['click_square'],0,,,7.802272200002335,0.0019485000520944595,12.883750899985898,"[np.float64(0.08666666666666667), np.float64(0.49444444444444446)]","[np.float64(0.07111111111111111), np.float64(-0.4011111111111111)]","[1, 1]","[0, 0]","[0, 0]","[7.8027495999704115, 12.8831596999662]",1,[5.067868200014345],[5.067874900007155],,,,,,,,847077,001,Male,18,True,2025-09-11_15h53.20.638,squares,,2025.1.1,2025-09-11 15h53.28.679740 -0400,
bin/.csv/component_1.csv,1,1,0,1,10,1,red,None,None,None,None,[],[],[],[],[],[],[],[],[],[],[],[],[],[],0,,,[],[],[],[],[],[],0,,,,,,,,0,0,0,0,0,1,1,1,13.161807299999055,,,,,,,,,,12.887061899993569,,,12.887533699977212,[],[],[],[],[],[],[],[],[],[],[],[],[],[],0,,,12.889108399976976,,12.88956350000808,[],[],[],[],[],[],0,,,,,,,,,,847077,001,Male,18,True,2025-09-11_15h53.20.638,squares,,2025.1.1,2025-09-11 15h53.28.679740 -0400,
bin/.csv/component_1.csv,2,2,0,1,10,1,red,None,None,None,None,[],[],[],[],[],[],[],[],[],[],[],[],[],[],0,,,[],[],[],[],[],[],0,,,,,,,,0,0,0,0,0,2,2,2,13.161807299999055,,,,,,,,,,12.891223900020123,,,12.891653199971188,[],[],[],[],[],[],[],[],[],[],[],[],[],[],0,,,12.893202700011898,,12.893654000014067,[],[],[],[],[],[],0,,,,,,,,,,847077,001,Male,18,True,2025-09-11_15h53.20.638,squares,,2025.1.1,2025-09-11 15h53.28.679740 -0400,
bin/.csv/component_1.csv,3,3,0,1,10,1,red,None,None,None,None,[],[],[],[],[],[],[],[],[],[],[],[],[],[],0,,,[],[],[],[],[],[],0,,,,,,,,0,0,0,0,0,3,3,3,13.161807299999055,,,,,,,,,,12.895285799982958,,,12.895727999974042,[],[],[],[],[],[],[],[],[],[],[],[],[],[],0,,,12.897366699995473,,12.898079000005964,[],[],[],[],[],[],0,,,,,,,,,,847077,001,Male,18,True,2025-09-11_15h53.20.638,squares,,2025.1.1,2025-09-11 15h53.28.679740 -0400,
bin/.csv/component_1.csv,4,4,0,1,10,1,red,None,None,None,None,[],[],[],[],[],[],[],[],[],[],[],[],[],[],0,,,[],[],[],[],[],[],0,,,,,,,,0,0,0,0,0,4,4,4,13.161807299999055,,,,,,,,,,12.899771799973678,,,12.90020099998219,[],[],[],[],[],[],[],[],[],[],[],[],[],[],0,,,12.90259790001437,,12.903155100008007,[],[],[],[],[],[],0,,,,,,,,,,847077,001,Male,18,True,2025-09-11_15h53.20.638,squares,,2025.1.1,2025-09-11 15h53.28.679740 -0400,
bin/.csv/component_1.csv,5,5,0,1,10,1,red,None,None,None,None,[],[],[],[],[],[],[],[],[],[],[],[],[],[],0,,,[],[],[],[],[],[],0,,,,,,,,0,0,0,0,0,5,5,5,13.161807299999055,,,,,,,,,,12.90506949997507,,,12.905559599981643,[],[],[],[],[],[],[],[],[],[],[],[],[],[],0,,,12.907391900022049,,12.907894200005103,[],[],[],[],[],[],0,,,,,,,,,,847077,001,Male,18,True,2025-09-11_15h53.20.638,squares,,2025.1.1,2025-09-11 15h53.28.679740 -0400,
bin/.csv/component_1.csv,6,6,0,1,10,1,red,None,None,None,None,[],[],[],[],[],[],[],[],[],[],[],[],[],[],0,,,[],[],[],[],[],[],0,,,,,,,,0,0,0,0,0,6,6,6,13.161807299999055,,,,,,,,,,12.909607700014021,,,12.910035700013395,[],[],[],[],[],[],[],[],[],[],[],[],[],[],0,,,12.91148469998734,,12.91189819999272,[],[],[],[],[],[],0,,,,,,,,,,847077,001,Male,18,True,2025-09-11_15h53.20.638,squares,,2025.1.1,2025-09-11 15h53.28.679740 -0400,
bin/.csv/component_1.csv,7,7,0,1,10,1,red,None,None,None,None,[],[],[],[],[],[],[],[],[],[],[],[],[],[],0,,,[],[],[],[],[],[],0,,,,,,,,0,0,0,0,0,7,7,7,13.161807299999055,,,,,,,,,,12.913696700008586,,,12.914170500007458,[],[],[],[],[],[],[],[],[],[],[],[],[],[],0,,,12.91584699996747,,12.916281300014816,[],[],[],[],[],[],0,,,,,,,,,,847077,001,Male,18,True,2025-09-11_15h53.20.638,squares,,2025.1.1,2025-09-11 15h53.28.679740 -0400,
bin/.csv/component_1.csv,0,0,0,,,,,,,,,,,,,,,,,,,,,,,,,,,,,,,,,,,0.48777777777777775,-0.4011111111111111,0,0,0,0,0,0,0,,,,,,,,,,,,,,,,,,,,,,,,,,,,,,,,,,,,,,,,,,,,,,,,13.156798999989405,15.915870499971788,0.48777777777777775,-0.4011111111111111,0,0,0,847077,001,Male,18,True,2025-09-11_15h53.20.638,squares,,2025.1.1,2025-09-11 15h53.28.679740 -0400,
bin/.csv/component_2.csv,0,0,0,1,12,1,orange,None,None,None,None,,,,,,,,,,,,,,,,,,,,,,,,,,,,,,,,0,1,1,1,0,0,0,0,0.025794300017878413,,,,,,,,,,0.0065728999907150865,0.025794300017878413,0.025794300017878413,2.2167655000230297,[],[],[],[],[],[],"[np.float64(0.5422222222222223), np.float64(0.5422222222222223), np.float64(0.5422222222222223), np.float64(0.5422222222222223), np.float64(0.5422222222222223), np.float64(0.5422222222222223), np.float64(0.43777777777777777), np.float64(0.43777777777777777), np.float64(0.43777777777777777), np.float64(0.09333333333333334)]","[np.float64(0.43444444444444447), np.float64(0.43444444444444447), np.float64(0.43444444444444447), np.float64(0.43444444444444447), np.float64(0.43444444444444447), np.float64(0.43444444444444447), np.float64(0.45444444444444443), np.float64(0.45444444444444443), np.float64(0.45444444444444443), np.float64(0.14777777777777779)]","[1, 1, 1, 1, 1, 1, 1, 1, 1, 1]","[0, 0, 0, 0, 0, 0, 0, 0, 0, 0]","[0, 0, 0, 0, 0, 0, 0, 0, 0, 0]","[3.2959554999833927, 3.9112637999933213, 4.0786179000278935, 4.228664499998558, 5.344895399990492, 6.344874000002164, 8.745880500006024, 9.012062399997376, 9.178680400014855, 11.395051700004842]",[1],"[None, None, None, None, None, None, None, None, None, 'click_square']",9,"[3.301250600023195, 3.916626800026279, 4.083902699989267, 4.233947500004433, 5.350176100037061, 6.350155799998902, 8.751175499986857, 9.027109100017697, 9.18396550003672]","[3.416342500015162, 3.9999656000290997, 4.166374500025995, 4.516391400014982, 5.449598300037906, 6.449646099994425, 8.833045799983665, 9.08291850000387, 9.266448799986392]",2.218926300003659,0.0019962999504059553,,,,,,,,,,,,,,,,,,,,,,,,,,,,
