﻿scoring_interval,end_time,points,background,instructions_text,instructions_2_text,conditional_instructions_1,conditional_instructions_2,background_raw,button.numClicks_raw,button.timesOff_raw,button.timesOn_raw,clock_reset_button.numClicks_raw,clock_reset_button.timesOff_raw,clock_reset_button.timesOn_raw,conditional_instructions_1_raw,conditional_instructions_2_raw,end_time_raw,instructions_2_text_raw,instructions_text_raw,logging_mouse.leftButton_raw,logging_mouse.midButton_raw,logging_mouse.rightButton_raw,logging_mouse.time_raw,logging_mouse.x_raw,logging_mouse.y_raw,mouse_logging_2.leftButton_raw,mouse_logging_2.midButton_raw,mouse_logging_2.rightButton_raw,mouse_logging_2.time_raw,mouse_logging_2.x_raw,mouse_logging_2.y_raw,mouse_score.clicked_name_raw,mouse_score.corr_raw,mouse_score.leftButton_raw,mouse_score.midButton_raw,mouse_score.rightButton_raw,mouse_score.time_raw,mouse_score.x_raw,mouse_score.y_raw,points_raw,scoring_interval_raw,thisN_raw,thisRepN_raw,thisTrialN_raw
1,10,1,red,None,None,None,None,red,1,5.067874900007155,5.067868200014345,0,,,,,10,,,1,0,0,0.01457900000968948,np.float64(0.09),np.float64(0.07111111111111111),1, 1,0, 0,0, 0,7.8027495999704115, 12.8831596999662,np.float64(0.08666666666666667), np.float64(0.49444444444444446),np.float64(0.07111111111111111), np.float64(-0.4011111111111111),'click_square',1,1,0,0,7.792104399995878,np.float64(0.08666666666666667),np.float64(0.07111111111111111),1,1,0,0,0
1,10,1,red,None,None,None,None,red,0,,,0,,,,,10,,,,,,,,,,,,,,,,,,,,,,,1,1,1,0,1
1,10,1,red,None,None,None,None,red,0,,,0,,,,,10,,,,,,,,,,,,,,,,,,,,,,,1,1,2,0,2
1,10,1,red,None,None,None,None,red,0,,,0,,,,,10,,,,,,,,,,,,,,,,,,,,,,,1,1,3,0,3
1,10,1,red,None,None,None,None,red,0,,,0,,,,,10,,,,,,,,,,,,,,,,,,,,,,,1,1,4,0,4
1,10,1,red,None,None,None,None,red,0,,,0,,,,,10,,,,,,,,,,,,,,,,,,,,,,,1,1,5,0,5
1,10,1,red,None,None,None,None,red,0,,,0,,,,,10,,,,,,,,,,,,,,,,,,,,,,,1,1,6,0,6
1,10,1,red,None,None,None,None,red,0,,,0,,,,,10,,,,,,,,,,,,,,,,,,,,,,,1,1,7,0,7

extraInfo
participant,847077
session,001
Gender,Male
Age,18
I consent,True
date,2025-09-11_15h53.20.638
expName,squares
expVersion,
psychopyVersion,2025.1.1
expStart,2025-09-11 15h53.28.679740 -0400
